{"K-Means": [{"N_K": [2, 3, 4, 5, 6, 7, 8, 9, 10, 11, 12, 13, 14, 15, 16, 17, 18, 19, 20], "silouhette": [0.22838164509981737, 0.18384273481711286, 0.1833839125414426, 0.17370289808295833, 0.20422222708588686, 0.2224455162093805, 0.16128692254163512, 0.21487585184256439, 0.2017543884036793, 0.19789930418379414, 0.19383403527810145, 0.19002818565798046, 0.18884480280034277, 0.20088902252034604, 0.179762618888187, 0.16269732579425275, 0.18325146203377005, 0.18805200833709862, 0.18717096654106297], "davies_bouldin": [2.5130326697591014, 2.5096196483283917, 2.69927687330056, 2.752789919205105, 2.6899147934187257, 2.527177299647344, 2.7207312065236833, 2.5191216507302503, 2.666707303093222, 2.7690925053541244, 2.4689796932532513, 2.5962528223747916, 2.6414985531262767, 2.564904536415267, 2.566041070911953, 2.7268722972376636, 2.4662410203615743, 2.4627991376420226, 2.3836575151597255], "calinski_harabasz": [25299.14762181783, 19390.32938879362, 16519.606980349166, 13886.864699341288, 13582.004230412482, 13458.708838153732, 10876.243866825907, 11788.361926722804, 10483.550279911335, 9840.774748128353, 9312.084111981723, 8804.994150561288, 8584.096341444027, 8312.075753909661, 7673.471258003498, 7533.248571264072, 7345.656873478007, 7185.776638905053, 6766.254735543727]}, {"N_K": [2, 3, 4, 5, 6, 7, 8, 9, 10, 11, 12, 13, 14, 15, 16, 17, 18, 19, 20], "silouhette": [0.19268590179816875, 0.19911610048216768, 0.19596168021999735, 0.18564311997041974, 0.18924363843630196, 0.21008683316755056, 0.24193725741875052, 0.23725313603781928, 0.18878744224235594, 0.19928465750998575, 0.1885885069818655, 0.18454940072375894, 0.21599739222971098, 0.20910084657133732, 0.20253472889209928, 0.18411980652743626, 0.18770710780687147, 0.16852718933296523, 0.16795659556911638], "davies_bouldin": [2.767284461106753, 2.3915119780338805, 2.5798897251172477, 2.767147125870418, 2.6242871186252064, 2.7392016924174896, 2.3413905186743214, 2.3490592843979616, 2.656882876576048, 2.4540015754473843, 2.5845703637635653, 2.3892970156774505, 2.352636138904971, 2.5797022599854853, 2.244791439418418, 2.4462870736496707, 2.433576651940789, 2.429173076791116, 2.587084435439558], "calinski_harabasz": [17600.90668463592, 21284.652640499666, 18138.122555233935, 15771.00059097608, 13579.018586861186, 13778.203821793853, 13840.643388146776, 12791.681489440934, 11056.447551850297, 10669.250583250903, 10097.477379561526, 9707.043600264118, 9684.028896618567, 9225.91660990208, 8603.397968738493, 8300.684999118088, 8265.5047025572, 7750.670430925354, 7606.566746908581]}, {"N_K": [2, 3, 4, 5, 6, 7, 8, 9, 10, 11, 12, 13, 14, 15, 16, 17, 18, 19, 20], "silouhette": [0.2664841488422352, 0.21823276690929477, 0.2535173118268562, 0.18010354319553948, 0.19807029095810838, 0.23099546980398733, 0.26963392049989965, 0.24321972866858413, 0.2377840152167358, 0.23673815392313716, 0.21366201821873163, 0.23120991330713178, 0.2161014261049148, 0.2090127245430013, 0.208584327534028, 0.211208707336383, 0.21444191978381308, 0.20597111193161552, 0.21382585127515055], "davies_bouldin": [2.2590831543071515, 2.238445778729762, 2.19735128403525, 2.538356677117451, 2.4559653441799685, 2.3394784783043314, 2.2215183845083413, 2.2328344923659675, 2.259638577696288, 2.135360790644322, 2.53490759519103, 2.3826418386547767, 2.3267200382644604, 2.397635951359382, 2.3226649650786197, 2.304177234054554, 2.4290629903056917, 2.2743713669287366, 2.323025711599059], "calinski_harabasz": [31209.61853798189, 24160.175274832218, 22185.635665590424, 16557.160260247845, 15267.385672500262, 15264.239709684702, 16246.246183354126, 15035.914704638086, 14060.973855539, 12887.65789233845, 12426.981664136578, 11749.156644065066, 11105.292489992133, 10548.692096293682, 10238.362590271307, 9963.687119247912, 9763.325438091088, 9325.872452352813, 9167.514725207087]}], "Bisecting KMeans": [{"N_K": [2, 3, 4, 5, 6, 7, 8, 9, 10, 11, 12, 13, 14, 15, 16, 17, 18, 19, 20], "silouhette": [0.22838164509981737, 0.1836242356808329, 0.17953260413089353, 0.1930893222495797, 0.17889973410372942, 0.15045169213462692, 0.15857442019423057, 0.14482873550764014, 0.17295057157042518, 0.1707966780586904, 0.17864506505888303, 0.1791552149670917, 0.1847589509277657, 0.17206402440214794, 0.17601556217631054, 0.16304651530889847, 0.16095590318218317, 0.15784392517312149, 0.1604587630977641], "davies_bouldin": [2.5130326697591014, 2.5139296357696392, 2.702105178144566, 2.7409106456385124, 2.863527058412482, 2.862872634526885, 2.78638456337646, 2.8124675231553837, 2.702940292207301, 2.6718070053507796, 2.7142246679861635, 2.7846387656422302, 2.7615684218064014, 2.7357644491621995, 2.687032060322925, 2.7121583206710165, 2.744246238079214, 2.8430196924085607, 2.840710827717858], "calinski_harabasz": [25299.14762181783, 19336.104245857405, 16590.957242758035, 14829.951138511604, 12919.99478876029, 11602.527152605682, 10973.924890386668, 10209.926843893898, 10163.826099634978, 9767.728928235509, 9452.411555912633, 8900.542614995105, 8584.470397216437, 8207.814974402854, 7823.4933920440735, 7511.501390884401, 7249.861228124358, 6993.248360116274, 6740.471371278951]}, {"N_K": [2, 3, 4, 5, 6, 7, 8, 9, 10, 11, 12, 13, 14, 15, 16, 17, 18, 19, 20], "silouhette": [0.243412383371361, 0.19863956136374006, 0.1983101878413102, 0.21496916997365903, 0.2374899055658809, 0.20681832643142503, 0.17882512507205203, 0.17125905583407344, 0.168733237994973, 0.19405411202322406, 0.19321363897983732, 0.19797873044379727, 0.19260376320574413, 0.18516481057188475, 0.176138214152337, 0.16593641267923623, 0.16583619810800623, 0.16732518621726145, 0.16166354347343456], "davies_bouldin": [2.4014870568814812, 2.395653397176586, 2.40407191105374, 2.502359117709002, 2.4215784179895845, 2.5822405454023274, 2.594007102215854, 2.6181558866311048, 2.671886230010451, 2.581289979357185, 2.580309261110029, 2.601075709531046, 2.5840546912973323, 2.587134673395631, 2.5836370717398265, 2.5745607235722865, 2.5797901773439085, 2.652476394874765, 2.656129418058332], "calinski_harabasz": [27617.08035863056, 21214.25113415498, 18669.65385641369, 16638.487446268315, 15919.688436890532, 14087.053485339095, 12712.333858627977, 11905.37014718747, 11181.150806756337, 11116.547236224313, 10454.080599392184, 10014.288113640538, 9463.148108227808, 8960.273450545848, 8509.04240781667, 8220.769744234565, 7975.55012799717, 7718.051956155688, 7489.182447099213]}, {"N_K": [2, 3, 4, 5, 6, 7, 8, 9, 10, 11, 12, 13, 14, 15, 16, 17, 18, 19, 20], "silouhette": [0.2664841488422352, 0.21760878774179035, 0.21768484917540307, 0.20780873712713008, 0.23639528353012249, 0.21603591244369214, 0.18550533169165045, 0.17756752890797306, 0.1899158609310619, 0.18450065437815494, 0.17332214948685595, 0.18575416368543377, 0.19349250377465319, 0.1708160951685727, 0.1767109774290856, 0.18233118985542343, 0.1858496023367759, 0.18178721051464172, 0.19144071110495425], "davies_bouldin": [2.2590831543071515, 2.2412469625201203, 2.254388346257833, 2.5041022978855096, 2.3921679496920576, 2.5138179453108633, 2.5703557900955247, 2.5981356405272913, 2.5175407116837114, 2.598067097186569, 2.5621237640797916, 2.6002509243711622, 2.5656910345604667, 2.514798325582639, 2.5694446946621836, 2.510270304023687, 2.5432835788662995, 2.5217139277598832, 2.4634116322312947], "calinski_harabasz": [31209.61853798189, 24087.373739637373, 21294.241633750284, 18358.947840552755, 17734.003434778864, 15760.989215422616, 14135.116859101128, 13080.903398122357, 12599.215924626293, 11944.090141593915, 11163.757526250147, 11074.832159855672, 10574.832898932256, 9765.518263670654, 9516.373012153055, 9429.479295714718, 9176.563287851335, 8920.731411528046, 8748.975943085272]}], "GMM": [{"N_K": [2, 3, 4, 5, 6, 7, 8, 9, 10, 11, 12, 13, 14, 15, 16, 17, 18, 19, 20],