{"K-Means": [{"N_K": [2, 3, 4, 5, 6, 7, 8, 9, 10, 11, 12, 13, 14, 15, 16, 17, 18, 19, 20], "silouhette": [0.2788659641658548, 0.23395310746776796, 0.20584693073216667, 0.19848427697470453, 0.22216133424458118, 0.2527759824153114, 0.28847757828505055, 0.2980155995634966, 0.26016599420284847, 0.260054381506524, 0.29143885351522103, 0.24569639740195642, 0.2743992969587515, 0.265039510649299, 0.26009927629600693, 0.25661988869925434, 0.28135068140329406, 0.28354926473179665, 0.2784781335643894], "davies_bouldin": [2.179340672669216, 2.1267331962706653, 2.5981955129381857, 2.1348868092727624, 2.3375454789960703, 2.0015555560362492, 1.9251538267452424, 2.0720499999191992, 2.3169002585337584, 2.1905664196491474, 2.0000678249918296, 1.9471806515758183, 2.0022930220477706, 1.9961256877156446, 2.0388340921451356, 1.9651040441199883, 1.8283594388909268, 1.8421351586907257, 1.8799576611761029], "calinski_harabasz": [33500.6107478141, 26305.333934707756, 20441.569693548805, 18238.13513130661, 18135.46929988571, 18205.445621907293, 17916.126872759785, 17141.583309097685, 15194.266461758, 14335.825875733388, 14159.070886682683, 13406.114956312866, 12584.264750226781, 12437.360138756268, 11667.358398237033, 10970.748612295123, 11605.031681068467, 11279.204060532209, 10916.66844768908]}, {"N_K": [2, 3, 4, 5, 6, 7, 8, 9, 10, 11, 12, 13, 14, 15, 16, 17, 18, 19, 20], "silouhette": [0.295926208712377, 0.1599463586380998, 0.217057979924614, 0.19022649843400638, 0.21293429955062848, 0.2298682973989431, 0.24742432450198157, 0.2690190725702449, 0.31312037727818104, 0.29727888001300024, 0.2614859626811794, 0.22369022455743234, 0.26134058111201514, 0.287641575891192, 0.28448842177765826, 0.2594255600829596, 0.29090434755281447, 0.28196572776532397, 0.29314431274234254], "davies_bouldin": [2.082211550614644, 2.4626179369110957, 2.2773125648767834, 2.40943383069773, 2.2515950821696085, 2.1977560383757497, 1.9475434353421548, 1.9366666779526183, 1.8976008430026705, 1.9370101944687184, 2.035065835972633, 2.1584872941365667, 1.9677229223783643, 2.0179502151007362, 1.8257917653426339, 1.9754380004476724, 1.9375066092137467, 1.9593333559134578, 1.8572970451581632], "calinski_harabasz": [36586.723548188565, 21949.082253186567, 22162.137952914843, 19795.24828914202, 19500.48016156493, 18046.836906118304, 17732.498773735344, 16365.864991827177, 18115.224112898795, 16931.242636009203, 15214.316233774447, 12990.563929985416, 13770.878865401404, 14199.773385189947, 14012.820231823605, 12188.676577495668, 12492.484749778601, 12310.953020448482, 12390.471586551863]}, {"N_K": [2, 3, 4, 5, 6, 7, 8, 9, 10, 11, 12, 13, 14, 15, 16, 17, 18, 19, 20], "silouhette": [0.3132414501310298, 0.21577233493127077, 0.23291691335233974, 0.1781707520822848, 0.26797588104173403, 0.30898538515639634, 0.29882095768248734, 0.2987157658774199, 0.3263128752882201, 0.3176805912095285, 0.33440273546888044, 0.2879569262293797, 0.26945791713273615, 0.3198806651155477, 0.3012735450791664, 0.31971343615426245, 0.3261433166152859, 0.29655373224020565, 0.32494374131042036], "davies_bouldin": [1.9911912854696403, 2.2615557755124773, 2.171570130166304, 2.192930195561061, 2.0594747666792936, 2.0132164109928814, 1.8692541359283363, 2.0703854184354182, 1.7943164824997293, 1.9477014614698704, 1.737220305275848, 1.7571024602649947, 2.0589440123958975, 1.7394758681338756, 1.8464421342332067, 1.8408121581535488, 1.8213357794054739, 1.8345085736440034, 1.7271714259986353], "calinski_harabasz": [39818.61132549048, 26851.918901745845, 24905.54886578031, 20727.824497522863, 23008.959517431264, 22885.98899940706, 22000.27424831918, 21159.57686071969, 20125.968948823203, 19574.370014153945, 19525.781805914667, 17250.050499485907, 15966.403813820883, 17587.5050437659, 14287.387422690947, 14477.064185439858, 15850.358591622993, 14851.243616182825, 15054.554339770148]}], "Bisecting KMeans": [{"N_K": [2, 3, 4, 5, 6, 7, 8, 9, 10, 11, 12, 13, 14, 15, 16, 17, 18, 19, 20], "silouhette": [0.2788659641658548, 0.23366454934681172, 0.22752400043053317, 0.24477942909658973, 0.2339205883192079, 0.20547706437279467, 0.20463290515670304, 0.19165338147329689, 0.22107645409372642, 0.20788610075077885, 0.20595894972022644, 0.2090657712705682, 0.2207141428927325, 0.22376727471220803, 0.2234025119284067, 0.22198152183373565, 0.23113135604282123, 0.22704580731354349, 0.23154088673691517], "davies_bouldin": [2.179340672669216, 2.130142944882807, 2.3183552416291064, 2.329127675044468, 2.2966500395736316, 2.3643886460258443, 2.774777443503479, 2.8087983184226264, 2.6574823645051304, 2.6659784955853385, 2.623959009983982, 2.4534854185540653, 2.3355616878366168, 2.30858175518785, 2.290484291143081, 2.2399066212839838, 2.200339758297737, 2.2747355396255355, 2.2600026025077016], "calinski_harabasz": [33500.6107478141, 26228.48743295457, 22873.579023565115, 20701.7062028928, 18863.461603470852, 16855.018207735993, 15915.944417258286, 14786.67698233256, 14753.005815029162, 13907.883616597697, 12916.432787546764, 12821.985232210713, 12435.626257399023, 11757.841074486758, 11261.431691362068, 11021.997528520506, 10835.002585715574, 10512.247993908284, 10205.2310123311]}, {"N_K": [2, 3, 4, 5, 6, 7, 8, 9, 10, 11, 12, 13, 14, 15, 16, 17, 18, 19, 20], "silouhette": [0.295926208712377, 0.2304642056331802, 0.23354385946224382, 0.2869547684263514, 0.32012543229073565, 0.287874930819859, 0.2641700716309628, 0.24729807475006654, 0.2277497628459163, 0.22825855795994973, 0.23762399954945457, 0.22657842339573542, 0.18943468797629615, 0.1773111418363941, 0.21000173958561497, 0.21775357386101157, 0.23791001330787528, 0.2446178509182366, 0.2476692777814006], "davies_bouldin": [2.082211550614644, 2.065970558673511, 1.965367215218619, 1.9374929757355286, 1.8697498246935673, 2.0449258295517425, 2.2423998987729883, 2.5546072593795777, 2.494885671301457, 2.43860895268679, 2.384392337280246, 2.434406946980931, 2.4937115033134742, 2.5579626345454285, 2.3100549084107356, 2.3445634220060323, 2.2489617570789853, 2.1766584827837305, 2.17054861047842], "calinski_harabasz": [36586.723548188565, 25342.85304297947, 23225.03125166553, 24125.705172996026, 23604.93991014088, 20489.188993933065, 18089.7904088504, 16756.631714021285, 16175.684883782926, 15656.745708445773, 15098.811022590771, 13997.048971462, 12625.375069403504, 11709.62484315068, 11826.938078292658, 11875.411809644143, 11896.234233198373, 11796.6018149888, 11459.186837934274]}, {"N_K": [2, 3, 4, 5, 6, 7, 8, 9, 10, 11, 12, 13, 14, 15, 16, 17, 18, 19, 20], "silouhette": [0.3132414501310298, 0.2687729597886718, 0.2585570037601344, 0.28765128336105783, 0.2668460626233902, 0.21167490910060893, 0.2392544817273958, 0.25104963961766585, 0.23503275867234302, 0.24802363979162909, 0.23832878671913335, 0.21199532725517597, 0.19073893194107916, 0.2544557144964955, 0.22177098481628638, 0.2297343664147311, 0.23910642700269044, 0.24268618747191475, 0.24881127791521804], "davies_bouldin": [1.9911912854696403, 1.9169645369197237, 2.090391530935681, 1.9795122663065894, 1.9428763176882065, 2.2251314501938277, 2.2821702686268432, 2.3790760090399576, 2.3679206700292155, 2.1896442771522326, 2.17372280832477, 2.3789468026147342, 2.5962309204618172, 2.1771131798077885, 2.2541333006663438, 2.270370706325326, 2.2221734948729748, 2.147174856230082, 2.12624098212696], "calinski_harabasz": [39818.61132549048, 31659.11967996646, 27914.649416653738, 26157.977021925602, 24087.670258791273, 20944.423668307834, 20775.37481786601, 19984.076160122422, 18609.046367695453, 17845.047073383925, 16977.08569554869, 15318.560139162037, 14078.300299279503, 15066.201648327424, 14179.420806697593, 14402.530525466438, 13907.955359494666, 13689.246003859871, 13300.059484439598]}], "GMM": [{"N_K": [2, 3, 4, 5, 6, 7, 8, 9, 10, 11, 12, 13, 14, 15, 16, 17, 18, 19, 20],