{"K-Means": [{"N_K": [2, 3, 4, 5, 6, 7, 8, 9, 10, 11, 12, 13, 14, 15, 16, 17, 18, 19, 20], "silouhette": [0.2813492983774227, 0.23642371443894078, 0.17043341383657512, 0.1890946336067358, 0.18054657904641203, 0.2808809940294187, 0.23842073391657928, 0.24494388498098207, 0.285230621821371, 0.2959378883742924, 0.24809798310973377, 0.24024228303774833, 0.2601999573704917, 0.26636682205603224, 0.2368806170719399, 0.2779011912398711, 0.2613692222207634, 0.26402533608125844, 0.2656004967253134], "davies_bouldin": [2.1653503696163305, 2.1101299802063718, 2.290614449045858, 2.3510938819336937, 2.5434243049833234, 1.910295927888919, 2.0579139826324253, 1.9621802031423086, 2.0444580296756643, 2.0194910491752616, 1.913123955009577, 2.1862515073705335, 2.1553870795750862, 2.152656888507246, 2.195029788638057, 2.0425633567151285, 1.9222054421428405, 1.9275463367942118, 1.8680485962721498], "calinski_harabasz": [33944.30759261521, 26686.94453660418, 18824.63350306906, 18492.087154072633, 16848.791659999304, 18816.605177092202, 17249.939587541274, 15996.842448907733, 15655.682643180447, 14711.918948398094, 13438.507981972216, 13064.078385782006, 13876.92273300845, 12575.690966564796, 11116.009523493429, 11666.900058090772, 11477.015469011943, 11120.311169981293, 10674.925582744318]}, {"N_K": [2, 3, 4, 5, 6, 7, 8, 9, 10, 11, 12, 13, 14, 15, 16, 17, 18, 19, 20], "silouhette": [0.2977556435180219, 0.1692761798032597, 0.25573413306762727, 0.2664023850132359, 0.2578651766621573, 0.2927707691012969, 0.26613372486394826, 0.324690597691369, 0.3019105311540262, 0.26593521091456385, 0.2586175130071494, 0.29597735535517805, 0.2856661937395592, 0.30312720755444805, 0.293503476386035, 0.29327093657470815, 0.2583672947509247, 0.31016156114467514, 0.3095670652372915], "davies_bouldin": [2.07325089041075, 2.833573421640512, 2.1265764888424474, 2.1077481965191667, 1.9715530679783226, 1.8421133224689485, 2.179745370046383, 1.8490311084227211, 1.9506148102278018, 1.9950100891466933, 2.002939471450009, 1.9337316340721122, 1.904112482422858, 1.8107183660274413, 1.8273077621850593, 1.8987225767279328, 1.8643031527926364, 1.876649849370883, 1.8130337859252452], "calinski_harabasz": [36921.02154578598, 22762.727671042117, 25389.448961235765, 22350.209869026992, 21245.38484251922, 20789.75784968269, 17062.819442489013, 19756.010239682575, 17907.618260676965, 15918.137164340449, 15262.186346219456, 15356.81885806357, 14776.904319814075, 14714.213172608614, 14213.831540530955, 13631.760678014174, 12683.126353112673, 12371.879966783048, 12860.064029769017]}, {"N_K": [2, 3, 4, 5, 6, 7, 8, 9, 10, 11, 12, 13, 14, 15, 16, 17, 18, 19, 20], "silouhette": [0.3132440254200774, 0.21577475732343318, 0.24444749879294947, 0.17816890019560366, 0.27558822012869083, 0.326724906751205, 0.3625550345300502, 0.3425908780306314, 0.30808146642797796, 0.3258654313934668, 0.3130035754046348, 0.2411464580447148, 0.2767228205495837, 0.2840942919918216, 0.3201298449891027, 0.3242224046177679, 0.3415361209681435, 0.2701333584296061, 0.24610700856845877], "davies_bouldin": [1.9911774345612283, 2.261540942558279, 2.276202712546563, 2.192937862924044, 1.8820572919000478, 1.9944764729944582, 1.6725265508665443, 1.783231508475301, 1.8903904688199755, 1.9835929295011594, 1.9580984830680659, 2.0053017705125233, 1.8924646569795451, 1.7525763565958608, 1.7779981401805194, 1.903698845163332, 1.6092295257595663, 1.7897890716309184, 1.8018168666087473], "calinski_harabasz": [39819.14713504347, 26852.301431724623, 23050.258501577548, 20728.02028586932, 23409.235363301905, 23823.521882649242, 23120.088836945404, 22053.056858120533, 20747.656096590083, 19648.008796888975, 19342.819059783316, 16241.701496872669, 15398.625896837604, 15418.251080979686, 16618.404056175223, 16035.726541940523, 15613.98453071596, 13642.53595270207, 12325.47809324846]}], "Bisecting KMeans": [{"N_K": [2, 3, 4, 5, 6, 7, 8, 9, 10, 11, 12, 13, 14, 15, 16, 17, 18, 19, 20], "silouhette": [0.2813492983774227, 0.23612631061030798, 0.23071424760961093, 0.24775754148071086, 0.24279567539420965, 0.21390800453495848, 0.23594406541819526, 0.22748198181437213, 0.258024803583081, 0.2436030420367388, 0.2506786302107396, 0.2368441286221599, 0.25802958014561167, 0.20483378750828532, 0.2355988200398779, 0.23505808515100052, 0.2357170341851063, 0.2332503443058359, 0.2441226726240313], "davies_bouldin": [2.1653503696163305, 2.1135443160934373, 2.296474026421022, 2.3099262801739906, 2.306726499969989, 2.3682459367578006, 2.3856130743126664, 2.439218160173723, 2.322930064140679, 2.3456262370231813, 2.2912683146730335, 2.3675489431690013, 2.1742171511648065, 2.518430000290347, 2.283478255462857, 2.2270495107715487, 2.2397164149754802, 2.275696137791287, 2.2013575944846835], "calinski_harabasz": [33944.30759261521, 26608.99215896127, 23214.295408767302, 21030.793430394286, 19305.4987322911, 17257.771440217122, 16994.57177013306, 16048.27011059129, 16021.661956865493, 15071.018324993825, 14492.46939553467, 13430.839094770718, 13308.848229615938, 11690.838692540394, 11711.65910139227, 11454.5223062536, 11138.501900915959, 10863.588452565486, 10720.55402603036]}, {"N_K": [2, 3, 4, 5, 6, 7, 8, 9, 10, 11, 12, 13, 14, 15, 16, 17, 18, 19, 20], "silouhette": [0.2977556435180219, 0.25188201194438, 0.24980509748034294, 0.27460641881039594, 0.27975816750612836, 0.2468117060783519, 0.26181396983363886, 0.2596973881568097, 0.2216696520046172, 0.2212922244734766, 0.21524020193098842, 0.24452405012318923, 0.2365698796854847, 0.26840891838811537, 0.23378907838565616, 0.23637346840985393, 0.2610788152703489, 0.25583539956317136, 0.2571343919133379], "davies_bouldin": [2.07325089041075, 2.0092124043780886, 2.166560800829508, 2.0607727806517806, 2.042235189991022, 2.0549754603804793, 2.116446244572833, 2.3055155513335555, 2.655104660789975, 2.526807368074063, 2.6359882355904927, 2.2987834310090984, 2.3556501591616263, 1.9940959639239775, 2.1522062767858277, 2.1059753388901292, 2.066506913258716, 2.0796873135893814, 2.058724105939539], "calinski_harabasz": [36921.02154578598, 29147.1305865957, 25668.713536156058, 23880.87418875135, 22365.67897946866, 20188.13422117466, 19413.46340656763, 18461.647845257765, 16676.97115191593, 15722.117026695409, 14589.694983358617, 14726.118959471574, 13982.973683173723, 14173.459435879522, 12903.05554391587, 12852.129325787064, 13285.852978370043, 12752.401722206912, 12459.771635037905]}, {"N_K": [2, 3, 4, 5, 6, 7, 8, 9, 10, 11, 12, 13, 14, 15, 16, 17, 18, 19, 20], "silouhette": [0.3132440254200774, 0.26877693907141836, 0.2675377408292646, 0.2939383855465175, 0.30105702218226144, 0.2679265225009907, 0.27722053431533306, 0.2777818742009282, 0.2594794413904334, 0.262886747608816, 0.2637345066601653, 0.2683746832918747, 0.26598844524945725, 0.27878672925948045, 0.22572078992748662, 0.2595135193447363, 0.2553252792085607, 0.2552145637347579, 0.26947847488262383], "davies_bouldin": [1.9911774345612283, 1.9169477101011694, 2.055470388150678, 1.9503993666771187, 1.9121786458704422, 1.9408017418935999, 1.9749397414752643, 2.0863876361110867, 2.0973912114386506, 1.9871853891112474, 2.0540672382746896, 2.1168023314673388, 2.1391732345180974, 1.966222712524251, 2.1881042348449053, 2.148832346592154, 2.1600410319862817, 2.1476153886234974, 2.0128499319875583], "calinski_harabasz": [39819.14713504347, 31659.62434228076, 28080.72073897464, 26304.34334967576, 24958.34096391188, 22513.38003137018, 21627.548233547222, 20936.78377691959, 19496.472393948407, 18704.853287910828, 17568.620699069117, 16746.00917358752, 15968.470290954854, 16007.615927421943, 14040.847239199633, 14708.457912747215, 14249.149416946375, 13750.377386461014, 13682.713175692863]}], "GMM": [{"N_K": [2, 3, 4, 5, 6, 7, 8, 9, 10, 11, 12, 13, 14, 15, 16, 17, 18, 19, 20],